"chla","temp","bar","nas","przew","ph","namon"
NA,17.5,NA,92.05,205,7.88,0.05
NA,18.9,NA,75.36,186,7.52,0.05
NA,11.8,NA,106.3,124,8.48,0.12
NA,14,NA,105.82,179,8.02,0.05
NA,16.4,NA,80.78,273,7.44,0.05
NA,8.9,NA,109.01,153,8.1,0.05
1.6,12,5,98.42,164,7.7,NA
2.2,20.2,5,110.57,184,8.1,NA
2.9,10.8,0,113.92,159,7.9,NA
2.4,14.6,NA,86.55,NA,8,NA
2,16.2,NA,84.52,NA,7.7,NA
4.6,13,NA,108.26,NA,8.1,NA
4.6,13.2,0,100.15,NA,7.9,0.1
NA,18,0,81.39,NA,7.7,NA
7,14,0,96.12,NA,7.5,0.14
23.6,17,5,NA,217,8.3,NA
NA,NA,NA,NA,NA,NA,NA
2,18,5,NA,191,7.5,0.16
NA,NA,NA,NA,NA,NA,NA
3.6,12,NA,NA,164,8.1,NA
NA,NA,NA,NA,NA,NA,NA
3.6,NA,NA,NA,172,NA,NA
1,NA,NA,NA,173,NA,NA
14.2,NA,NA,NA,167,NA,NA
1.1,12,10,80.78,176,7.4,0.1
2.5,15.2,20,89.68,157,7.6,0.1
25.9,5.4,10,97.53,160,8.1,NA
8.4,14.8,10,81,185,7.2,NA
2.8,19.2,10,98.57,185,7.7,NA
1.1,6.4,20,87.83,129,7.7,NA
NA,4.6,10,113.5,198,7.8,NA
NA,6.6,5,99.7,242,7.9,NA
NA,10.4,5,104.5,231,8,NA
NA,15,0,89.3,205,7.9,NA
NA,19.2,0,88.4,198,7.7,NA
NA,17.4,5,67.9,196,7.3,NA
NA,16.2,10,89.2,157,7.6,NA
NA,12.9,0,79.7,151,7.6,NA
NA,12,10,90.9,150,8,NA
NA,4.3,0,98.9,181,7.8,NA
NA,0.4,5,88.8,186,7.8,NA
NA,1.2,5,99.9,185,7.8,NA
NA,4.5,5,102,204,7.9,NA
NA,9.2,5,100.3,195,7.8,NA
NA,14.5,3,107.8,185,7.8,NA
NA,15.5,20,95.2,178,7.6,NA
NA,19.2,10,116.4,194,7.7,NA
NA,20.9,0,98.8,179,7.7,NA
NA,16.6,10,85,164,7.5,NA
NA,16.7,10,100.4,151,7.7,NA
NA,9.2,3,105.5,179,8,NA
NA,3.3,0,121.1,198,7.9,NA
NA,1.6,0,89.8,196,7.7,NA
NA,0.7,5,113.7,729,8,NA
NA,2.8,0,101,198,7.6,NA
NA,7.4,5,96.7,201,7.6,NA
2.8,12,5,94.6,192,7.4,NA
1.2,14.6,0,83.3,194,7.4,NA
4.2,18,5,86.6,191,7.4,NA
NA,18.3,5,93.8,174,7.5,NA
5,15.5,0,97.2,153,7.7,NA
NA,12.6,10,95.7,144,7.5,NA
10.6,8.9,0,104.7,154,8,NA
NA,1.4,0,90.5,171,7.8,NA
10.3,0.9,5,91.4,203,7.4,NA
NA,1.5,5,100.5,209,7.9,NA
NA,2.2,5,86.6,201,7.8,NA
NA,7.3,5,99.2,199,8.1,NA
NA,11.5,0,73.5,210,7.8,NA
NA,14.6,5,94.2,206,7.8,NA
NA,17.3,5,92.1,193,7.9,NA
NA,19.9,0,96.8,164,7.7,NA
NA,17,30,93.2,151,7.7,NA
NA,16.2,5,113.5,132,7.8,NA
NA,8.8,5,107.3,119,7.8,NA
NA,5.5,10,85.6,125,7.7,NA
NA,1.3,0,86.5,259,7.6,NA
NA,0.8,2.5,94.9,236,8,NA
NA,3.2,5,77.3,229,7.8,NA
NA,5.2,5,90.8,218,7.9,NA
NA,9.6,5,109.4,204,7.8,NA
NA,16.9,15,115,177,8.32,NA
NA,16,10,107.7,157,7.71,NA
NA,17.1,15,83.9,159,7.65,NA
NA,17.7,5,87.8,230,7.68,NA
NA,13.3,0,112.9,187,8.08,NA
NA,10.8,5,110.6,190,7.94,NA
NA,5.5,0,99.1,205,8.12,NA
NA,0.3,5,98.5,199,7.56,NA
NA,1.1,5,92.8,174,7.61,NA
8.6,19,5,87.5,207,8,0.05
2.3,19.5,10,83.5,189,7.67,0.05
7.5,12,0,108.3,122,8.2,0.004
NA,13.6,5,111.8,200,8.24,0.05
NA,18.8,0,89,194,7.92,0.05
NA,9.1,0,104.32,177,8.4,0.05
2.7,12.8,5,90.75,162,7.9,NA
10.3,21.5,5,94.16,202,8.1,0.14
3.5,11.8,0,105.38,162,8.2,NA
2.3,16,NA,87.22,NA,7,NA
2.7,16.2,NA,80.45,NA,7.8,NA
15.9,12.5,NA,102.35,NA,8.1,NA
9.9,13.8,0,90.86,NA,8.2,0.1
5.1,20,0,87,NA,8,NA
15.8,14.8,0,102.73,NA,7.8,NA
15,18,5,NA,216,8.3,NA
NA,NA,NA,NA,NA,NA,NA
5.8,19.6,5,NA,187,7.6,NA
NA,NA,NA,NA,NA,NA,NA
4.2,15,NA,NA,161,7.9,NA
NA,NA,NA,NA,NA,NA,NA
2.9,NA,NA,NA,174,NA,NA
12.9,NA,NA,NA,169,NA,NA
8.5,NA,NA,NA,169,NA,NA
3.7,12.5,20,83.57,181,7.6,0.1
8.6,15.6,10,87.45,155,7.8,0.1
31.8,5.5,10,96.18,175,8.3,NA
7.1,15,10,88.29,184,7.2,NA
4.8,20,10,92.51,178,8.1,NA
0,7,30,89.18,135,7.8,NA
NA,16.9,NA,89.88,274,8.2,NA
NA,20.8,NA,118.62,259,8.6,NA
NA,22.6,NA,104.24,255,8.7,NA
NA,23.4,NA,124.62,276,8.7,NA
NA,22.5,NA,117.92,262,8.4,NA
NA,13.9,NA,96.87,298,8.6,NA
NA,19,15,105.72,268,8.4,NA
7.4,20,20,105.73,266,8.7,NA
NA,18.9,5,93.66,290,8.7,NA
9,12.4,10,116.17,278,8.7,NA
NA,16.1,20,22.36,249,7.6,NA
NA,16,20,40.57,264,7.8,NA
NA,11.2,5,28.28,293,7.6,NA
NA,7,25,84.23,281,8.1,NA
NA,8.3,5,96.3,382,7.6,NA
NA,9,7,89.5,298,8.1,NA
NA,12.9,6,90,295,8,0.11
NA,19.3,4,95.6,288,8.2,0.1
NA,24,5,120.9,280,8.7,NA
NA,22.1,4,110.3,287,8.7,NA
NA,19.6,6,104.5,283,8.7,NA
NA,15.4,7,104.7,278,8.5,0.24
NA,14.9,7,132.1,273,8.9,0.12
NA,6.1,9,126.2,288,8.8,0.09
NA,4,7,101.1,293,8.5,0.06
NA,2.4,8,97.4,289,8.3,NA
NA,6.4,8,87,283,8.2,0.11
NA,8.1,10,83,283,8.1,0.15
NA,12.2,3,86,278,8.1,0.05
NA,17.9,11,94,268,8.4,0.19
NA,21.8,6,97,252,8.5,0.11
NA,24.8,7,137,260,8.9,0.1
NA,17.8,4,123,273,7.9,0.1
NA,20.6,6,126,258,8.7,0.17
NA,15.6,4,115,294,8.6,NA
NA,7.6,4,107,295,8.4,0.06
NA,5.5,3,116,289,8.3,NA
NA,1.2,4,93.2,296,7.8,0.05
NA,7.5,4,88.2,283,8.2,NA
NA,10.7,4,106.6,280,8,NA
NA,13.4,3,94,277,8.4,NA
NA,19.9,4,96.8,264,8.5,NA
NA,27.3,3.5,154.4,247,9,NA
NA,24.1,5,140.1,249,9,NA
NA,20.3,4,117.7,261,8.7,NA
NA,NA,4,NA,252,8.8,NA
NA,3.3,4,91.8,301,8.1,NA
NA,6.2,6,107.6,208,8.5,NA
NA,2.6,8,93.8,250,8.3,NA
NA,4.2,5,86.2,315,8.1,NA
NA,3,20,89.9,310,8.2,NA
NA,8.6,20,92.3,300,8.3,NA
NA,14.1,15,84.4,288,8.4,NA
NA,22,15,107.6,275,8.7,NA
NA,23.3,10,109.6,275,6.7,NA
NA,22.7,15,98.2,270,8.8,NA
NA,20.8,20,101,274,8.6,NA
NA,18.8,10,100.2,262,8.5,NA
NA,9.4,10,109.5,252,8.1,NA
NA,5,10,103.4,234,8,NA
NA,0.5,15,96.4,234,7.8,NA
NA,0.5,10,95,307,7.7,NA
NA,5,15,89.3,293,8.2,NA
NA,1.5,15,69.8,288,8.1,NA
NA,12.7,15,97.7,279,8.1,NA
NA,18.9,15,109.9,263,8.4,NA
NA,23.2,15,118.9,262,7.8,NA
NA,24.4,15,130.7,277,8.8,NA
NA,19.6,5,100.1,288,8.7,NA
NA,16.9,20,112.8,281,8.7,NA
NA,12.4,10,116.3,279,8.8,NA
NA,1.5,20,88.4,267,8.1,NA
NA,1,15,87.2,259,8,NA
NA,12.9,20,82.5,281,8,NA
NA,19.6,15,102.3,265,8.3,NA
NA,20,20,104.5,263,8.8,NA
NA,23.3,15,110.6,284,8.7,NA
NA,20.5,5,80,294,8.7,NA
NA,16.9,20,106.6,284,8.6,NA
NA,12.1,10,107.6,279,8.7,NA
NA,3,15,89.1,262,8,NA
NA,2,20,79.5,267,8,NA
NA,1.5,15,84.8,268,8,NA
NA,5,20,87.7,294,8.2,NA
NA,3,15,69.1,288,8.1,NA
NA,12.8,25,81.6,281,7.9,NA
NA,19.2,20,65.7,271,7.9,NA
NA,20,25,49.5,264,7.9,NA
NA,17.3,25,65.2,258,8,NA
NA,14.5,5,43.2,293,7.7,NA
NA,10.5,20,75.3,286,8.1,NA
NA,8.5,5,93.2,282,8.3,NA
NA,2,15,75.8,277,7.9,NA
NA,2.5,20,85.7,277,8,NA
NA,3,15,82.5,264,8,NA
NA,1.8,5,97,260,8.2,0.02
NA,9.6,5,101,248,8.1,0.13
NA,11.4,10,74,235,8.2,0.02
NA,15.8,10,105,222,8.3,0.04
NA,21.3,10,112,251,8.7,0.02
NA,23.8,10,144,234,9,0.04
NA,21,15,131.3,214,8.5,0.02
NA,14.4,12,112.8,258,8.4,0.1
NA,7.4,15,98.4,256,8,0.07
NA,3.8,10,96,256,8.1,0.02
NA,10.2,5,99,246,8.1,0.1
NA,12.1,10,70,NA,8.2,0.02
NA,14.9,10,83,204,7.7,0.04
NA,18.6,10,68,231,7.6,0.02
NA,16.9,10,68,230,7.5,0.02
NA,20.9,17,113.4,216,8.3,0.1
NA,15.2,10,104.2,258,8.3,0.12
NA,7.6,15,96.7,257,7.9,0.06
NA,3,15,87.7,286,7.9,0.08
NA,2,18,89.7,288,8,0.09
NA,1,18,87.9,276,8,0.08
NA,3.6,10,95,256,8.1,0.02
NA,10.2,5,98,246,8,0.13
NA,12.3,10,76,235,8.1,0.02
NA,14.2,15,81,194,7.8,0.08
NA,16.9,10,67,198,7.5,0.02
NA,13.6,15,68,196,7.5,0.02
NA,13.2,30,104.4,172,7.9,0.2
NA,10,12,85.9,263,7.9,0.08
NA,7.6,20,104.2,262,7.9,0.14
NA,2.5,20,75.5,292,7.8,0.05
NA,3,18,75,278,7.9,0.06
NA,1,18,81.6,273,8,0.09
31.7,17.9,15,107.59,219,8.16,NA
30,19.8,15,96.51,174,8.26,NA
25.7,14.7,5,101.5,223,8.8,NA
NA,12.6,NA,88.46,NA,7.74,0.05
NA,21.5,NA,121.38,NA,8.81,0.05
NA,8.6,NA,96.2,NA,7.7,0.05
NA,18.6,NA,79.18,NA,7.87,0.05
NA,22.8,NA,101.14,NA,9.04,0.05
NA,12.9,NA,98.5,NA,8.32,0.05
NA,13.2,NA,91.57,224,8.25,0.002
NA,22.2,NA,111.52,223,8.01,0.05
NA,10.9,NA,96.06,207,8.3,0.05
44.1,16,5,118.66,196,9.2,NA
28.1,23.1,5,92.35,223,8,NA
8.9,15,5,105.16,205,8.4,NA
14.2,15.8,NA,82.79,NA,7.9,NA
41.4,20.2,NA,91.77,NA,8.3,0.18
11.6,18.2,NA,135.85,NA,9.1,0.14
14.7,14,NA,68.93,NA,7.9,NA
103.7,19,NA,137,NA,9.2,NA
43.5,12,NA,89.14,NA,8.1,NA
18.4,13.8,0,94.72,NA,8.1,0.1
18.7,21.8,5,114.1,NA,8.4,0.1
2,15,0,89.28,NA,7.6,0.1
39.2,15.2,20,107.61,206,8.1,0.2
NA,NA,NA,NA,NA,NA,NA
19,19,40,100.32,191,8,0
NA,NA,NA,NA,NA,NA,NA
19.8,8,20,99.92,209,8.4,NA
NA,NA,NA,NA,NA,NA,NA
NA,NA,NA,NA,NA,NA,NA
NA,NA,NA,NA,NA,NA,NA
8.2,16.9,20,94.01,164,7.7,0.22
NA,NA,NA,NA,NA,NA,NA
8.7,24,30,98.69,184,8.4,NA
NA,NA,NA,NA,NA,NA,NA
NA,19.2,NA,97.49,NA,8.26,0.05
NA,22.9,NA,104.82,NA,8.94,0.05
NA,12.4,NA,99.3,NA,8.76,0.06
NA,15,NA,103.17,220,8.41,0.0025
NA,22.6,NA,92.66,222,7.73,0.05
NA,10.9,NA,95.15,206,8.5,0.05
27.3,16.2,0,119.14,195,9.1,NA
34.8,23,5,109.68,222,8.4,NA
26.1,15,5,110.12,206,8.6,NA
10.1,15.6,NA,80.42,NA,7.8,NA
27.5,20,NA,87,NA,8,0.16
19.3,16.6,NA,127.31,NA,8.8,0.18
12.3,14,NA,70.87,NA,7.9,NA
84.6,19,NA,139.16,NA,9.3,NA
30.9,11,NA,90.83,NA,8.1,NA
17.2,14,0,92.23,NA,8,0.14
15.4,21.6,5,102.3,NA,8.2,0.1
1.6,15,0,85.32,NA,7.6,0.1
15.8,15,20,102.18,198,8,0.24
NA,NA,NA,NA,NA,NA,NA
19,21,40,107.86,178,8.6,0.1
NA,NA,NA,NA,NA,NA,NA
29.4,8.8,20,106.16,210,8.5,NA
NA,NA,NA,NA,NA,NA,NA
34.7,NA,20,NA,194,7.8,NA
NA,NA,NA,NA,NA,NA,NA
60.9,17.2,30,113.31,182,8.6,0.2
NA,NA,NA,NA,NA,NA,NA
4.2,22,30,92.78,183,8.3,NA
NA,NA,NA,NA,NA,NA,NA
23.3,12,10,87.28,231,7.9,0.1
NA,NA,NA,NA,NA,NA,NA
88.2,24.8,5,148.51,215,9.5,NA
NA,NA,NA,NA,NA,NA,NA
19.6,11,20,106.27,207,8.6,0.12
NA,NA,NA,NA,NA,NA,NA
40.5,NA,NA,NA,159,NA,NA
NA,NA,NA,NA,NA,NA,NA
74.9,NA,NA,NA,197,NA,NA
NA,NA,NA,NA,NA,NA,NA
30.5,NA,NA,NA,185,NA,NA
NA,NA,NA,NA,NA,NA,NA
2.8,14.8,20,101.74,201,8.1,0.2
NA,NA,NA,NA,NA,NA,NA
8,19.5,30,102.45,191,8.8,0
NA,NA,NA,NA,NA,NA,NA
16.9,8,10,97.38,213,8.2,NA
NA,NA,NA,NA,NA,NA,NA
39.1,14.6,20,85.56,195,7.8,NA
NA,NA,NA,NA,NA,NA,NA
47.7,17.8,20,107.37,190,8.5,0.22
NA,NA,NA,NA,NA,NA,0.128
4,24,20,104.64,182,8.4,NA
NA,NA,NA,104.5777778,NA,8.422222222,NA
NA,3,15,75.8,215,7.7,NA
NA,7.1,10,99.7,221,7.8,NA
NA,8.9,10,96,218,7.7,NA
NA,18.1,5,111.9,221,8,NA
NA,20.7,20,98.8,210,7.8,NA
NA,21.5,15,96.3,201,8,NA
NA,21.9,10,98.4,194,8,NA
NA,16.5,0,120,196,8,NA
NA,11.5,15,99,193,8.8,NA
NA,8.2,0,98.3,212,8.3,NA
NA,0.7,5,80.4,203,8.4,NA
NA,2.4,5,91.6,203,7.9,NA
NA,2.6,10,120.1,212,7.8,NA
NA,9.8,5,116,204,7.7,NA
NA,15.2,8,100.2,201,7.6,NA
NA,16.7,5,93.1,202,7.8,NA
NA,17.5,5,100.3,194,8.2,NA
NA,24.7,5,97.1,194,8.2,NA
NA,19.6,5,115.3,187,8.9,NA
NA,23.3,0,136.4,184,8.9,NA
NA,13.6,20,125.6,204,8.4,NA
NA,7.1,10,133.4,207,7.9,NA
NA,4.8,5,101,208,8.1,NA
NA,0.3,5,120.7,210,7.7,NA
NA,3.1,5,105.5,210,7.7,NA
NA,9.2,5,96.9,208,7.7,NA
NA,15,10,95.3,207,7.2,0.24
NA,14.6,10,95.1,203,7.7,NA
NA,23.2,10,102.6,193,9.1,NA
NA,20.1,5,96.8,197,8,NA
NA,24.8,5,125,188,8.8,NA
NA,16.6,5,94.2,199,7.7,NA
NA,14.6,5,127.9,197,8.3,NA
NA,0.2,5,93,209,7.7,0.22
NA,1.5,0,94.1,207,8.4,NA
NA,0.6,5,87.4,207,7.7,NA
NA,2.1,5,89.7,126,7.9,NA
NA,8.1,5,94.6,207,8.2,NA
NA,10.2,5,67.4,195,7.7,NA
NA,16.2,10,90.2,203,8,NA
NA,18.6,5,99.1,187,8.7,NA
NA,20.2,5,101.2,188,8.2,NA
NA,18,10,92.8,181,8.9,NA
NA,18.4,5,122.4,171,8.8,NA
NA,13.1,5,125.2,166,9,NA
NA,5.8,5,90,165,8,NA
NA,1.8,5,86,241,7.5,NA
NA,1,15,88.6,209,7.8,NA
NA,2.8,5,86.2,203,7.9,NA
NA,4.7,10,87.7,204,7.8,NA
NA,8.6,10,94,200,7.7,NA
NA,18.5,20,113,207,8.95,NA
NA,19.8,20,105.6,234,8.03,NA
NA,22.5,20,85.8,186,7.59,NA
NA,21.3,15,127,246,7.77,NA
NA,18,0,94,205,8.06,NA
NA,13.5,0,111.2,211,8.72,NA
NA,10.6,0,109.3,208,7.89,NA
NA,4.8,5,92.4,224,7.15,NA
NA,5.6,5,82.5,227,7.23,NA
17.2,16.2,NA,88.59,NA,8,NA
34.7,19.6,NA,89.56,NA,8.2,0.2
7.5,18.2,NA,149.65,NA,9.2,0.12
50.3,14,NA,97.09,NA,8.2,NA
46,18,NA,98.31,NA,8.4,NA
13.4,11,NA,87.19,NA,8.5,NA
19.2,13.6,0,94.3,NA,8.1,0.12
23,21.2,5,112.79,NA,8.4,0.1
3.1,15,0,88.29,NA,7.5,NA
24.8,12.2,10,93.27,238,8,0.1
NA,NA,NA,NA,NA,NA,NA
67.7,24.2,5,134.88,212,9.4,NA
NA,NA,NA,NA,NA,NA,NA
21.8,10,20,102.13,208,8.6,0.12
NA,NA,NA,NA,NA,NA,NA
14.7,NA,NA,NA,168,NA,NA
NA,NA,NA,NA,NA,NA,NA
170.2,NA,NA,NA,197,NA,NA
NA,NA,NA,NA,NA,NA,NA
33.3,NA,NA,NA,184,NA,NA
NA,NA,NA,NA,NA,NA,NA
7.8,14.2,20,100.43,203,8,0.16
NA,NA,NA,NA,NA,NA,NA
28.6,20,40,98.02,185,8.8,0
NA,NA,NA,NA,NA,NA,NA
32.1,8.4,20,102.58,211,8.4,NA
NA,NA,NA,NA,NA,NA,NA
22.1,15,20,79.36,193,7.8,NA
NA,NA,NA,NA,NA,NA,NA
64,17.6,20,114.26,192,8.7,0.24
NA,NA,NA,NA,NA,NA,NA
14.2,23,20,100.35,186,8.9,NA
NA,NA,NA,101.3608974,NA,8.130641026,0.147272727
NA,NA,NA,NA,NA,NA,NA
NA,NA,NA,NA,NA,NA,NA
9.8,8.9,NA,93.44,230,7.6,NA
NA,NA,NA,NA,NA,NA,NA
72,20.4,NA,98.8,211,7.7,NA
41,21.5,NA,96.43,201,8.1,NA
10,20.9,NA,95.31,196,7.7,NA
NA,NA,NA,NA,NA,NA,NA
23,11.2,NA,93.05,191,8.8,NA
23,NA,NA,NA,NA,NA,NA
NA,0.5,NA,86.62,205,7.2,NA
NA,NA,NA,NA,NA,NA,NA
NA,NA,NA,NA,NA,NA,NA
NA,8.6,NA,90.19,206,7.7,NA
7.1,11.1,NA,90.11,202,7.5,NA
32,NA,NA,NA,NA,NA,NA
46,24,NA,121.28,192,9.1,NA
NA,NA,NA,NA,NA,NA,NA
7.2,24.8,NA,123.16,NA,8.9,NA
NA,NA,NA,NA,NA,NA,NA
11.1,14,NA,130.1,196,8.3,NA
NA,NA,NA,NA,NA,NA,NA
24,0.9,NA,93.25,215,8,NA
NA,NA,NA,NA,NA,NA,NA
88.5,18.5,20,112.12,211,8.74,NA
6.7,18.8,20,83.8,177,7.61,NA
NA,NA,NA,NA,NA,NA,NA
NA,NA,NA,NA,NA,NA,NA
NA,NA,NA,NA,NA,NA,NA
17.6,13.6,5,108.74,206,8.66,NA
NA,12.5,5,78.2,182,7.76,0.05
NA,21,5,78.9,189,8.95,0.05
NA,9.7,5,102.5,214,7.82,0.05
NA,19.6,0,70.7,211,8.49,0.1
NA,22.7,10,83.8,200,8.81,0.05
NA,12.6,5,64.5,184,8.32,0.05
72.5,13.6,10,118.8,221,8.77,0.007
31.4,8,5,88.91,209,8.3,0.05
20.2,16,0,126.77,191,9.2,NA
57.1,22.5,5,114.45,222,8.9,0.16
12.3,14,5,102.91,204,8.2,NA
3.3,16.2,NA,82.48,NA,8,NA
51.3,19.2,NA,89.9,NA,8.3,0.18
7.1,15.2,NA,134.52,NA,9.1,0.12
28.3,14,NA,84.47,NA,8,NA
63.9,19,NA,125.13,NA,9.2,NA
34.5,12,NA,68.71,NA,8.5,NA
26.7,13.8,0,97.62,NA,8.2,0.12
47,21,5,116.85,NA,8.5,0.14
2.5,15,0,88.29,NA,7.4,0.1
16.8,12,10,89.14,231,7.8,0.14
NA,NA,NA,NA,NA,NA,NA
73.1,22.4,5,98.08,210,8.6,NA
NA,NA,NA,NA,NA,NA,NA
27.1,10,20,101.24,210,8.7,0.14
NA,NA,NA,NA,NA,NA,NA
37.2,NA,NA,NA,172,NA,NA
NA,NA,NA,NA,NA,NA,NA
60.5,NA,NA,NA,194,NA,NA
NA,NA,NA,NA,NA,NA,NA
17.6,NA,NA,NA,186,NA,NA
NA,NA,NA,NA,NA,NA,NA
7.5,14.6,20,98.35,204,7.8,0.2
NA,NA,NA,NA,NA,NA,NA
29.4,20,40,101.32,189,8.8,NA
NA,NA,NA,NA,NA,NA,NA
30.5,8,20,99.07,210,8.5,NA
NA,NA,NA,NA,NA,NA,NA
44.4,15,20,75.4,196,7.8,NA
NA,NA,NA,NA,NA,NA,NA
97,17,20,113.87,190,8.7,0.2
NA,NA,NA,NA,NA,NA,NA
8.3,23,20,101.52,183,8.8,NA
NA,NA,NA,98.22,NA,8.377111111,0.103
17.2,15.8,NA,96.9,369,8.92,NA
23.1,19.7,NA,117.1,382,9.24,NA
26.4,25.5,NA,176,332,9.23,NA
23,22.4,NA,165,380,8.51,NA
1.39,14.5,NA,87.3,361,8.01,NA
28.6,10.5,NA,98.8,360,8.01,NA
NA,NA,NA,NA,NA,NA,NA
NA,NA,NA,NA,NA,NA,NA
NA,4,NA,78.7,NA,8.08,0.22
NA,4,NA,91.7,NA,7.97,0.127
NA,17.5,NA,106.7,NA,8.17,0.154
44.2,20.3,NA,111.9,387,8.37,0.197
48.2,22,50,118.8,388,8.27,NA
NA,21.9,NA,117.8,NA,7.87,NA
NA,9,25,88.5,NA,8.43,0.224
1.25,18,20,95.1,403,8.29,0.189
NA,9,NA,101.5,424,8.11,0.259
NA,3,NA,87.8,NA,7.2,0.267
NA,2.5,NA,81.4,NA,7.41,0.209
NA,1.5,NA,78.5,NA,7.06,0.294
6.4,15.8,5,84.81,234,7.6,NA
13.4,19.9,5,72.53,168,7.5,NA
23,8.9,5,115.07,118,7.8,NA
NA,11.3,NA,87.77,NA,7.7,0.05
NA,19.5,NA,103.54,NA,8.21,0.05
NA,7.1,NA,92.71,NA,7.56,0.05
6.4,15.6,NA,78.41,233,7.92,0.05
8.3,22.8,NA,102.3,176,8.3,0.05
16.3,11.5,NA,95.5,123,7.87,0.1
NA,11.8,NA,76.72,201,7.82,0.16
NA,19.6,NA,81.91,197,7.86,0.05
NA,12,NA,107.71,177,8.5,0.05
4,12.2,10,74.61,182,7.7,NA
11.1,20.6,5,84.71,191,7.9,NA
5.8,11.1,0,104.68,165,8.4,NA
10.1,16,NA,75.05,NA,7.9,0.1
9.9,19,NA,56.09,NA,7.6,0.22
6,9,NA,82.39,NA,7.5,0.1
5.9,13.1,NA,78.99,NA,7.7,NA
1.5,16.5,NA,70.7,NA,7.6,NA
9.2,9,NA,92.8,NA,7.9,NA
9.9,14.2,0,82.88,NA,7.9,0.1
10.3,21.2,0,101.51,NA,8.1,NA
5.6,11.4,0,86.13,NA,7.8,NA
12.2,17.5,5,59.62,236,7.4,NA
NA,NA,NA,NA,NA,NA,NA
4.3,19,10,42.07,209,7.2,0.2
NA,NA,NA,NA,NA,NA,NA
2.3,9,NA,86.73,170,7.7,NA
NA,NA,NA,NA,NA,NA,NA
3.2,NA,NA,NA,179,NA,NA
NA,NA,NA,NA,NA,NA,NA
2.7,NA,NA,NA,193,NA,NA
NA,NA,NA,NA,NA,NA,NA
15,NA,NA,NA,172,NA,NA
NA,NA,NA,NA,NA,NA,NA
5.1,13,20,79.77,187,7.9,NA
NA,NA,NA,NA,NA,NA,NA
21,16.9,25,116.74,160,8.7,0.1
NA,NA,NA,NA,NA,NA,NA
27.3,8,20,98.22,163,7.8,NA
NA,NA,NA,NA,NA,NA,NA
6.3,14,20,73.79,205,7.2,NA
NA,NA,NA,NA,NA,NA,NA
10.8,19,10,78.75,193,8.2,NA
NA,NA,NA,NA,NA,NA,NA
NA,5,30,91.05,137,7.6,NA
NA,NA,NA,NA,NA,NA,NA
8.2,16.8,NA,80.41,NA,7.9,NA
4.3,20,NA,81.5,NA,7.8,NA
8,10.8,NA,96.75,NA,7.8,NA
NA,NA,NA,NA,NA,NA,NA
17.3,16.6,NA,88.3,NA,7.9,NA
11.2,10,NA,94.14,NA,7.9,NA
NA,NA,NA,NA,NA,NA,NA
8.3,22,0,90.49,NA,7.9,NA
NA,NA,NA,NA,NA,NA,NA
8.3,18,5,90.91,227,7.7,NA
NA,NA,NA,NA,NA,NA,NA
5.4,20,5,81.5,182,7.6,NA
NA,NA,NA,NA,NA,NA,NA
5.2,14,NA,103.88,165,8.2,NA
NA,NA,NA,NA,NA,NA,NA
1.6,NA,NA,NA,189,NA,NA
NA,NA,NA,NA,NA,NA,NA
11.5,NA,NA,NA,168,NA,NA
NA,NA,NA,NA,NA,NA,NA
16.3,NA,NA,NA,172,NA,NA
NA,NA,NA,NA,NA,NA,NA
7.8,13,20,82.62,186,7.8,NA
NA,NA,NA,NA,NA,NA,NA
21.1,16.5,25,113.73,157,8.6,0.1
NA,NA,NA,NA,NA,NA,NA
26.3,8,20,97.37,166,8,NA
NA,NA,NA,NA,NA,NA,NA
8.4,15,10,77.38,179,7.4,NA
NA,NA,NA,NA,NA,NA,NA
11.5,21,10,100,176,8.7,NA
NA,NA,NA,NA,NA,NA,NA
0,4.5,30,85.17,136,7.6,NA
NA,NA,NA,NA,NA,NA,NA
4.1,18,5,89.85,227,7.8,NA
NA,NA,NA,NA,NA,NA,NA
5.6,20,5,79.29,182,7.6,NA
NA,NA,NA,NA,NA,NA,NA
6.6,12,NA,103.06,177,8.4,NA
NA,NA,NA,NA,NA,NA,NA
1.3,NA,NA,NA,182,NA,NA
NA,NA,NA,NA,NA,NA,NA
14.6,NA,NA,NA,165,NA,NA
NA,NA,NA,NA,NA,NA,NA
18.4,NA,NA,NA,169,NA,NA
NA,NA,NA,NA,NA,NA,NA
12.3,13,20,86.42,186,7.8,0.1
NA,NA,NA,NA,NA,NA,NA
16.8,16.6,25,102.67,158,8.2,0.1
NA,NA,NA,NA,NA,NA,NA
30.9,7,20,102.39,170,8.3,NA
NA,NA,NA,NA,NA,NA,NA
8.7,15.5,10,78.23,180,7.4,NA
NA,NA,NA,NA,NA,NA,NA
9,21,10,96.63,172,8.8,NA
NA,NA,NA,NA,NA,NA,NA
0,6,30,90.98,134,7.6,NA
NA,NA,NA,NA,NA,NA,NA
NA,9.9,NA,93.03,204,7.8,NA
4.5,11.9,NA,91.72,491,7.7,NA
12.6,19.8,NA,83.35,185,7.5,NA
6.7,22,NA,100.8,151,8.2,NA
NA,12,NA,107.71,142,7.9,NA
1.2,2,NA,89,209,7.8,NA
11.6,16.7,5,98.76,205,7.9,NA
11.9,20.3,0,93.06,160,7.7,NA
3.1,7.5,5,104.52,118,7.6,NA
NA,11.8,5,90.1,173,7.86,0.05
NA,20.2,0,85.3,174,7.91,0.12
NA,7.8,0,102.6,169,7.6,0.05
NA,16.5,NA,55.2,219,7.88,0.05
NA,23.3,NA,60.2,177,8.55,0.05
NA,12.3,NA,87,121,8.12,0.05
10.1,12.6,NA,112.5,199,8.42,0.1
9.5,19.6,NA,64.6,190,8.21,0.05
8.5,11.9,NA,106.54,178,8.3,0.05
2.7,14,5,84.47,168,7.6,NA
12.7,20.9,5,94.19,194,8.2,NA
8,11.5,0,109.27,157,8.5,NA
14.6,17,NA,84.89,NA,8,NA
5.3,20,NA,77.09,NA,7.7,NA
7.9,10.2,NA,95.45,NA,7.9,NA
7.7,14.4,NA,82.26,NA,7.7,NA
10.3,17.2,NA,87.32,NA,7.9,NA
15.2,10,NA,96.8,NA,8,NA
10.1,14.5,0,91.27,NA,8.1,0.1
NA,22.2,0,89.68,NA,7.9,0.1
12.1,14.2,0,103.35,NA,8,NA
3.5,18,5,87.74,227,7.8,NA
NA,NA,NA,NA,NA,NA,NA
2.1,20,5,69.38,181,7.6,NA
NA,NA,NA,NA,NA,NA,NA
5.7,15,NA,112.1,165,8.4,NA
NA,NA,NA,NA,NA,NA,NA
4.8,NA,NA,NA,176,NA,NA
NA,NA,NA,NA,NA,NA,NA
14.2,NA,NA,NA,164,NA,NA
NA,NA,NA,NA,NA,NA,NA
17.1,NA,NA,NA,171,NA,NA
NA,NA,NA,NA,NA,NA,NA
1.6,12,20,81.71,186,7.8,0.1
NA,NA,NA,NA,NA,NA,NA
11.5,16,25,99.39,160,8.1,0.1
NA,NA,NA,NA,NA,NA,NA
30.4,8.5,10,110.54,171,8.6,NA
NA,NA,NA,NA,NA,NA,NA
NA,15.2,10,72.74,176,7.5,NA
NA,NA,NA,NA,NA,NA,NA
8.7,21,10,107.87,173,8.8,NA
NA,NA,NA,NA,NA,NA,NA
0,5,30,91.05,133,7.6,NA
NA,NA,NA,NA,NA,NA,NA
3.4,14.8,NA,95.8,NA,8.3,NA
2.6,24.3,NA,102.8,NA,8.5,NA
NA,5.4,NA,90.9,NA,8,NA
NA,10.1,NA,66.6,NA,7.6,NA
3.1,6.6,NA,101.4,NA,8.4,NA
2.6,23.5,NA,101,NA,8.8,NA
NA,5.4,NA,75.3,NA,8.4,NA
NA,14.4,NA,57.4,NA,7.7,NA
2.5,7.8,NA,99.4,NA,8.3,NA
2.5,23,NA,119,NA,8.7,NA
NA,5.8,NA,92.4,NA,8.1,NA
NA,8.6,NA,74,NA,7.8,NA
1.34,6,NA,95.4,NA,8.4,NA
4.01,19.1,NA,103.6,NA,8.6,NA
NA,4,NA,83,NA,8.1,NA
NA,13.5,NA,80.1,NA,8,NA
NA,1,NA,88.61,NA,8.4,NA
NA,3,NA,81.84,NA,8.3,NA
NA,3.3,NA,95.24,NA,8.2,NA
NA,19.9,NA,72.54,NA,8.4,NA
NA,23.4,NA,105.81,NA,8.4,NA
NA,20,NA,92.51,NA,8.5,NA
NA,14,NA,93.2,NA,8.3,NA
NA,6.8,NA,87.08,NA,8.4,NA
NA,4.4,NA,98.84,NA,8.4,NA
NA,7.2,NA,73.86,NA,8.2,NA
NA,8,NA,88.06,NA,8.3,NA
NA,21.8,NA,89,NA,8,NA
NA,22,NA,90.49,NA,8.5,NA
NA,19.6,NA,91.74,NA,8.2,NA
NA,16.2,NA,93.69,NA,8.3,NA
NA,10.2,NA,92.77,NA,8.4,NA
NA,5,NA,103.61,NA,8.3,NA
NA,3.6,NA,102.8,NA,8.4,NA
NA,6.4,NA,102.47,NA,8,NA
NA,19.5,NA,61.04,NA,8.5,NA
NA,21.1,NA,77.68,NA,8.4,NA
NA,19.9,NA,91.22,NA,8.5,NA
NA,13.6,NA,84.68,NA,8.4,NA
NA,8.3,NA,89.54,NA,8.1,NA
NA,6.1,NA,96.05,NA,8,NA
NA,14.6,NA,95.4,NA,8.1,NA
3,19.2,NA,88.82,NA,8.4,NA
3.4,18,NA,76.11,NA,8.4,NA
NA,25.7,NA,103.04,NA,8.5,NA
3,19.6,NA,95.02,NA,8.6,NA
17,17.6,NA,94.34,322,8,NA
54,23.3,NA,97.39,278,7.5,NA
15.1,23.1,NA,94.69,310,8,NA
58,22.8,NA,169.73,322,8.8,NA
29.8,16.1,NA,128.05,258,8.6,NA
32,10.9,NA,99.68,343,8.3,NA
NA,NA,NA,NA,NA,NA,NA
NA,NA,NA,NA,NA,NA,NA
NA,NA,NA,NA,NA,NA,NA
NA,0,30,84.1,360,7,NA
NA,4.9,40,78.9,347,7.6,NA
NA,9,20,81.1,323,7.5,NA
NA,14.8,40,87.6,307,7.9,NA
NA,20.3,50,77,294,7.9,NA
NA,21,50,104.3,303,7.7,NA
NA,21,40,64.3,317,7.7,NA
NA,18.3,50,139.7,301,8.5,NA
NA,11.5,40,113.2,318,8.4,NA
NA,6.5,40,98.9,295,7.9,NA
NA,2,70,108.3,276,7.8,NA
NA,0.8,30,88.5,346,8,NA
NA,1.2,25,92,351,8,NA
NA,3.3,30,84.1,346,7.9,NA
NA,10.2,20,78.6,330,7.7,0.096
NA,19.6,50,93.8,311,8.4,0.044
28.11,23,45,121.9,298,8.2,NA
3.84,18.8,30,75.9,314,8.3,0.16
NA,25.5,30,102,312,8.2,0.13
3.84,15.1,35,89.6,317,8.1,0.11
NA,16.5,35,141.8,317,8.9,NA
NA,6.9,50,113.3,313,8.3,NA
NA,NA,NA,NA,NA,NA,NA
NA,NA,NA,NA,NA,NA,NA
NA,NA,NA,NA,NA,NA,NA
NA,6.3,40,77.8,344,NA,0.04
NA,5.9,50,79.3,348,7.8,0.12
NA,14.9,70,72.9,318,7.5,0.12
NA,20,70,67.8,325,7.6,0.18
NA,21,40,63.2,314,7.8,0.28
NA,25.8,60,110.1,344,8.1,0.14
NA,19.3,20,86.3,244,7.4,0.04
NA,12,40,116.3,328,8.4,0.02
NA,7.5,50,85.3,325,7.2,0.04
NA,NA,NA,NA,NA,NA,NA
NA,NA,NA,NA,NA,NA,NA
NA,1.3,NA,NA,NA,7.9,NA
NA,3.3,NA,NA,NA,7.9,NA
NA,10.5,30,96.09,320,8,NA
NA,19.7,NA,NA,NA,8.8,NA
65.86,23.8,50,156.36,272,9,NA
6.8,18.2,NA,95.52,308,8.5,NA
NA,24.5,30,122.45,303,8.4,NA
18.65,15.5,40,NA,317,8.5,NA
NA,13.8,NA,131.45,322,8.7,NA
NA,7,30,115.61,308,7.9,NA
NA,NA,NA,NA,NA,NA,NA
NA,NA,NA,NA,NA,NA,NA
NA,12.4,NA,93.69,NA,8.02,0.05
NA,19.6,NA,104.85,NA,8.32,0.12
NA,9.4,NA,99.81,NA,7.98,0.05
NA,16.6,NA,64.68,230,7.84,0.05
NA,24.2,NA,108.62,200,8.95,0.05
NA,13.7,NA,97.41,179,8.15,0.05
NA,11.5,NA,71.62,235,7.84,0.18
NA,20.6,NA,94.74,214,8.31,0.05
NA,13.8,NA,113.09,180,8.6,0.05
315.4,14.4,10,149.82,171,9.4,NA
6.7,22.5,5,99.42,213,8.2,NA
11.8,11,5,NA,188,8.5,NA
10.6,16.2,NA,75.36,NA,7.7,NA
13.2,23,NA,96.85,NA,8.3,NA
23.3,16,NA,123.73,NA,9.2,NA
13.4,15,NA,100.2,NA,8.3,NA
19.3,18.4,NA,105.5,NA,8.4,NA
14.4,12,NA,109.56,NA,8.5,NA
68.9,24.6,0,157.56,NA,9.2,NA
11.6,14,0,99.03,NA,8.1,NA
NA,NA,NA,NA,NA,NA,NA
NA,NA,NA,NA,NA,NA,NA
14.2,15,NA,110.12,163,9,NA
NA,NA,NA,NA,NA,NA,NA
12.6,NA,NA,NA,178,NA,NA
NA,NA,NA,NA,NA,NA,NA
20.3,NA,NA,NA,199,NA,NA
NA,NA,NA,NA,NA,NA,NA
10.5,NA,NA,NA,171,NA,NA
NA,NA,NA,NA,NA,NA,NA
10.7,13,20,87.37,211,7.6,0.1
NA,NA,NA,NA,NA,NA,NA
53.2,17,20,103.52,183,8.7,0.1
NA,NA,NA,NA,NA,NA,NA
21.4,7.2,10,97.92,170,7.9,NA
NA,NA,NA,NA,NA,NA,NA
49.3,13.2,20,104.92,223,8.6,NA
NA,NA,NA,NA,NA,NA,NA
19.7,22.2,10,117.27,208,8.7,NA
NA,NA,NA,NA,NA,NA,NA
NA,6,10,89.37,113,7.7,NA
NA,NA,NA,NA,NA,NA,NA
13.9,16.2,NA,75.36,NA,8.2,NA
27.8,22.2,NA,108.07,NA,8.6,NA
21.4,15.5,NA,120.36,NA,9.2,NA
61.6,16,NA,121.7,NA,8.8,NA
22.1,17.6,NA,104.82,NA,8.4,NA
14.2,12,NA,107.71,NA,8.3,NA
73.1,24,0,156.96,NA,9.2,NA
12.6,14,0,109.71,NA,8.5,NA
29,18,5,103.59,233,8.4,0.1
NA,NA,NA,NA,NA,NA,NA
13,20,5,80.4,213,7.5,NA
NA,NA,NA,NA,NA,NA,NA
8.6,16,NA,113.59,161,9.1,NA
NA,NA,NA,NA,NA,NA,NA
20.4,NA,NA,NA,175,NA,NA
NA,NA,NA,NA,NA,NA,NA
30.1,NA,NA,NA,203,NA,NA
NA,NA,NA,NA,NA,NA,NA
11.1,NA,NA,NA,172,NA,NA
NA,NA,NA,NA,NA,NA,NA
9.3,14,10,94.17,196,8,NA
NA,NA,NA,NA,NA,NA,NA
26.7,20,20,125.55,176,9.2,0.1
NA,NA,NA,NA,NA,NA,NA
36.1,8,10,110.08,169,8.5,NA
NA,NA,NA,NA,NA,NA,NA
24.7,15,20,102.18,214,8.5,NA
NA,NA,NA,NA,NA,NA,NA
14.8,21.8,10,119.81,212,8.9,NA
NA,NA,NA,NA,NA,NA,NA
1.5,8,20,88.06,132,7.7,NA
NA,NA,NA,NA,NA,NA,NA
NA,16.9,NA,70.25,234,7.86,0.05
NA,23.8,NA,110.16,199,8.99,0.05
NA,14.2,NA,112.13,128,8.59,0.05
NA,12.6,NA,90.34,214,8.22,0.05
NA,21.3,NA,97.19,213,8.3,0.05
NA,13.1,NA,110.4,181,8.6,0.05
18,14.5,5,105.99,171,8.6,NA
6.7,22,5,96.22,213,8.4,NA
14.1,11.5,5,112.03,168,8.9,0.016
20.5,16.8,NA,78.35,NA,8,NA
15.2,21,NA,104.49,NA,8.7,NA
10.4,15.6,NA,118.62,NA,9.1,NA
17.2,13,NA,87.37,NA,8.2,NA
32.7,18,NA,114.16,NA,8.7,NA
16.3,12.2,NA,111.92,NA,8.4,NA
21.4,24,0,136.74,NA,9,NA
10.1,14.6,0,111.13,NA,8.8,NA
19.4,18.2,5,92.34,237,8.3,0.1
NA,NA,NA,NA,NA,NA,NA
58.3,20.5,5,95.66,217,8.2,NA
NA,NA,NA,NA,NA,NA,NA
8,16,NA,118.66,160,9.1,NA
NA,NA,NA,NA,NA,NA,NA
7.6,NA,NA,NA,176,NA,NA
NA,NA,NA,NA,NA,NA,NA
10.3,NA,NA,NA,205,NA,NA
NA,NA,NA,NA,NA,NA,NA
7.8,NA,NA,NA,178,NA,NA
NA,NA,NA,NA,NA,NA,NA
73.8,12,10,102.14,196,8.4,NA
NA,NA,NA,NA,NA,NA,NA
20,19,10,119.74,176,9.2,0.1
NA,NA,NA,NA,NA,NA,NA
23.9,8.2,10,103.79,166,8.2,NA
NA,NA,NA,NA,NA,NA,NA
13.5,15.4,20,94.07,215,8.2,NA
NA,NA,NA,NA,NA,NA,NA
31.3,21.4,10,127.94,209,9,NA
NA,NA,NA,NA,NA,NA,NA
NA,9,20,94.54,140,7.7,NA
NA,NA,NA,NA,NA,NA,NA
14,17.1,NA,81.95,NA,8.1,NA
4,21.2,NA,101.51,NA,8.6,NA
10.4,15,NA,117.06,NA,9.1,NA
33.4,13,NA,93.07,NA,8.4,NA
41.2,17.8,NA,114.74,NA,8.6,NA
16,12,NA,108.64,NA,8.5,NA
7.6,24.2,0,107.42,NA,8.7,NA
11.7,15,0,113.09,NA,8.7,NA
28.2,18.2,5,96.58,236,8.4,0.1
NA,NA,NA,NA,NA,NA,NA
26.6,20,5,84.8,216,7.9,NA
NA,NA,NA,NA,NA,NA,NA
10.7,16,NA,119.67,162,9.1,NA
NA,NA,NA,NA,NA,NA,NA
4.8,NA,NA,NA,175,NA,NA
NA,NA,NA,NA,NA,NA,NA
8.8,NA,NA,NA,205,NA,NA
NA,NA,NA,NA,NA,NA,NA
19.3,NA,NA,NA,179,NA,NA
NA,NA,NA,NA,NA,NA,NA
47.9,13,10,97.82,196,8.2,NA
NA,NA,NA,NA,NA,NA,NA
22.5,19,10,127.29,175,9.3,0.1
NA,NA,NA,NA,NA,NA,NA
35.4,8,10,107.54,167,8.4,NA
NA,NA,NA,NA,NA,NA,NA
3.4,15.4,10,80.06,215,8.3,NA
NA,NA,NA,NA,NA,NA,NA
21.1,21.5,10,119.11,208,8.9,NA
NA,NA,NA,NA,NA,NA,NA
NA,9,20,93.67,136,7.7,NA
NA,NA,NA,NA,NA,NA,NA
NA,NA,NA,NA,NA,NA,NA
NA,NA,NA,NA,NA,NA,NA
NA,11.1,NA,79.19,261,7.7,NA
NA,NA,NA,NA,NA,NA,NA
NA,21.7,NA,99.08,230,8,NA
NA,22.3,NA,103.66,212,8.5,NA
NA,19.9,NA,111,177,8.7,NA
NA,NA,NA,NA,NA,NA,NA
NA,10.1,NA,108.59,149,8.3,NA
NA,NA,NA,NA,NA,NA,NA
NA,0,NA,97.68,200,7.9,NA
NA,NA,NA,NA,NA,NA,NA
NA,NA,NA,NA,NA,NA,NA
NA,NA,NA,NA,NA,NA,NA
NA,14.6,NA,107.2,197,7.9,NA
NA,NA,NA,NA,NA,NA,NA
NA,20.5,NA,105.67,203,8.1,NA
NA,23.4,NA,108.16,196,8.6,NA
NA,NA,NA,NA,NA,NA,NA
NA,17.9,NA,114.98,91,7.8,NA
NA,9.2,NA,104.57,188,7.9,NA
NA,8.2,NA,143.78,199,7.6,NA
NA,NA,NA,NA,NA,NA,NA
NA,NA,NA,NA,NA,NA,NA
NA,7.5,NA,93.64,205,7.6,NA
NA,11.6,NA,95.71,197,7.9,NA
NA,19.8,NA,67,211,7.5,NA
NA,20.4,NA,91.03,176,8.2,NA
NA,14.5,NA,107.95,132,8,NA
NA,1.8,NA,88.49,244,7.7,NA
NA,12.3,NA,90.2,NA,7.87,0.05
NA,19.2,NA,84,NA,7.97,0.12
NA,10.6,NA,100.4,NA,8.19,0.05
8.1,17.1,NA,65.2,232,7.74,0.05
8.7,22.8,NA,54.4,199,8.91,0.05
11.9,13.7,NA,96.9,127,8.68,0.05
11.3,12.6,NA,116,212,8.34,0.05
6.8,20.8,NA,41.7,212,8.32,0.05
8.9,13,NA,111.11,182,8.5,0.005
12.7,13.2,5,94.43,168,8.2,NA
6.2,21.5,5,89.62,213,8.3,NA
7.6,11.2,5,107.64,167,8.7,NA
19,17,NA,87.99,NA,8.9,NA
26.9,21,NA,112.36,NA,8.7,0.1
14.9,14.6,NA,117.03,NA,9,NA
10.2,13,NA,71.23,NA,7.8,NA
17.3,18,NA,107.82,NA,8.5,NA
15.4,12,NA,108.64,NA,8.4,NA
11.4,23,0,106.18,NA,8.7,NA
11.3,15,0,114.09,NA,8.8,NA
26.8,18.2,5,88.09,236,8.2,NA
NA,NA,NA,NA,NA,NA,NA
34.2,20,NA,90.31,216,8.2,NA
NA,NA,NA,NA,NA,NA,NA
12.8,15,NA,115.08,153,9.1,NA
NA,NA,NA,NA,NA,NA,NA
5.3,NA,NA,NA,175,NA,NA
NA,NA,NA,NA,NA,NA,NA
8.5,NA,NA,NA,204,NA,NA
NA,NA,NA,NA,NA,NA,NA
24.6,NA,NA,NA,176,NA,NA
NA,NA,NA,NA,NA,NA,NA
9.5,13,10,93.07,196,8.2,NA
NA,NA,NA,NA,NA,NA,NA
23.5,20,10,131.06,175,9.3,0.1
NA,NA,NA,NA,NA,NA,NA
44.7,9,10,112.75,168,8.5,NA
NA,NA,NA,NA,NA,NA,NA
5,15.2,10,79.71,213,8.1,NA
NA,NA,NA,NA,NA,NA,NA
16.3,21.8,10,115.24,208,8.9,NA
NA,NA,NA,NA,NA,NA,NA
1.3,8.5,20,89.97,137,7.8,NA
NA,NA,NA,NA,NA,NA,NA
